,lang,eer,eer_threshold
0,"hindi, punjabi",0.29166666666666663,0.9206351256370545
